38,club,clubs/38.svg
184,club,clubs/184.png
187,club,clubs/187.svg
213,club,clubs/213.svg
225,club,clubs/225.svg
248,club,clubs/248.svg
266,club,clubs/266.svg
271,club,clubs/271.svg
275,club,clubs/275.svg
283,club,clubs/283.svg
290,club,clubs/290.png
296,club,clubs/296.svg
313,club,clubs/313.svg
314,club,clubs/314.svg
331,club,clubs/331.svg
333,club,clubs/333.svg
395,club,clubs/395.svg
401,club,clubs/401.svg
18973,club,clubs/18973.svg
18978,club,clubs/18978.svg
18996,club,clubs/18996.svg
19000,club,clubs/19000.svg
19003,club,clubs/19003.svg
19011,club,clubs/19011.svg
19017,club,clubs/19017.svg
19031,club,clubs/19031.svg
19032,club,clubs/19032.svg
19034,club,clubs/19034.svg
19038,club,clubs/19038.svg
19043,club,clubs/19043.svg
19049,club,clubs/19049.svg
19050,club,clubs/19050.svg
19054,club,clubs/19054.svg
19081,club,clubs/19081.png
19084,club,clubs/19084.svg
19123,club,clubs/19123.svg
19124,club,clubs/19124.svg
19145,club,clubs/19145.svg
19148,club,clubs/19148.svg
